TipoCredito,TipoLaboral,PagoATiempo,Creditos,Capital,SaldoMora
4,Empleado,0,209,574825929.6,11513.0
4,Empleado,1,4843,11009740006.8,312.0
4,Independiente,0,154,451600454.4,2621.0
4,Independiente,1,2541,6670078164.0,5096.0
6,Empleado,0,9,37217505.599999994,1387.0
6,Empleado,1,12,22852629.6,484.0
7,Empleado,1,1,12542263.2,0.0
7,Independiente,1,1,3692160.0,0.0
9,Empleado,0,70,189496081.2,7984.0
9,Empleado,1,1534,4061865188.4,31007.0
9,Independiente,0,66,157411405.2,17679.0
9,Independiente,1,1206,2624460422.4,4079.0
10,Empleado,0,2,8376795.6,0.0
10,Empleado,1,73,255958539.6,0.0
10,Independiente,0,1,2558400.0,0.0
10,Independiente,1,40,115033590.0,0.0
68,Empleado,1,1,2822823.6,0.0
