Dataset,Variable,Variable2,Correlacion
Referencia,tipo_credito,tipo_credito,1
Referencia,tipo_credito,capital_prestado,0.02187810124
Referencia,tipo_credito,plazo_meses,-0.1337756428
Referencia,tipo_credito,edad_cliente,0.1354611365
Referencia,tipo_credito,salario_cliente,0.03232630802
Referencia,tipo_credito,total_otros_prestamos,0.06236106362
Referencia,tipo_credito,cuota_pactada,0.05829039926
Referencia,tipo_credito,puntaje_datacredito,-0.1270405885
Referencia,tipo_credito,cant_creditosvigentes,0.04182168931
Referencia,tipo_credito,huella_consulta,-0.04003551321
Referencia,tipo_credito,saldo_mora,0.03878763906
Referencia,tipo_credito,saldo_total,0.1116027623
Referencia,tipo_credito,saldo_principal,0.1387432144
Referencia,tipo_credito,saldo_mora_codeudor,0.02104235978
Referencia,tipo_credito,creditos_sectorFinanciero,0.06856757545
Referencia,tipo_credito,creditos_sectorCooperativo,-0.00418163992
Referencia,tipo_credito,creditos_sectorReal,0.01088735166
Referencia,tipo_credito,promedio_ingresos_datacredito,0.04875482998
Referencia,tipo_credito,Pago_atiempo,-0.001055592897
Referencia,capital_prestado,tipo_credito,0.02187810124
Referencia,capital_prestado,capital_prestado,1
Referencia,capital_prestado,plazo_meses,0.3047654112
Referencia,capital_prestado,edad_cliente,0.1311781317
Referencia,capital_prestado,salario_cliente,0.0479843033
Referencia,capital_prestado,total_otros_prestamos,0.06571107419
Referencia,capital_prestado,cuota_pactada,0.7677863082
Referencia,capital_prestado,puntaje_datacredito,-0.1709860149
Referencia,capital_prestado,cant_creditosvigentes,0.03546710583
Referencia,capital_prestado,huella_consulta,0.03191595181
Referencia,capital_prestado,saldo_mora,0.03123779378
Referencia,capital_prestado,saldo_total,0.1394387267
Referencia,capital_prestado,saldo_principal,0.1717378552
Referencia,capital_prestado,saldo_mora_codeudor,-0.005950107805
Referencia,capital_prestado,creditos_sectorFinanciero,0.09198701001
Referencia,capital_prestado,creditos_sectorCooperativo,-0.01060650053
Referencia,capital_prestado,creditos_sectorReal,-0.0816554925
Referencia,capital_prestado,promedio_ingresos_datacredito,0.116406247
Referencia,capital_prestado,Pago_atiempo,-0.04362280982
Referencia,plazo_meses,tipo_credito,-0.1337756428
Referencia,plazo_meses,capital_prestado,0.3047654112
Referencia,plazo_meses,plazo_meses,1
Referencia,plazo_meses,edad_cliente,-0.08178735046
Referencia,plazo_meses,salario_cliente,-0.01335574319
Referencia,plazo_meses,total_otros_prestamos,-0.01399138788
Referencia,plazo_meses,cuota_pactada,-0.220983695
Referencia,plazo_meses,puntaje_datacredito,0.002593011804
Referencia,plazo_meses,cant_creditosvigentes,-0.003295304801
Referencia,plazo_meses,huella_consulta,0.04246177936
Referencia,plazo_meses,saldo_mora,0.02165624047
Referencia,plazo_meses,saldo_total,-0.03660124631
Referencia,plazo_meses,saldo_principal,-0.04715511212
Referencia,plazo_meses,saldo_mora_codeudor,-0.001393899973
Referencia,plazo_meses,creditos_sectorFinanciero,-0.007272352108
Referencia,plazo_meses,creditos_sectorCooperativo,0.02848140785
Referencia,plazo_meses,creditos_sectorReal,-0.0007521545133
Referencia,plazo_meses,promedio_ingresos_datacredito,0.02506205977
Referencia,plazo_meses,Pago_atiempo,-0.06593363056
Referencia,edad_cliente,tipo_credito,0.1354611365
Referencia,edad_cliente,capital_prestado,0.1311781317
Referencia,edad_cliente,plazo_meses,-0.08178735046
Referencia,edad_cliente,edad_cliente,1
Referencia,edad_cliente,salario_cliente,0.1427256335
Referencia,edad_cliente,total_otros_prestamos,0.1970310004
Referencia,edad_cliente,cuota_pactada,0.1603249144
Referencia,edad_cliente,puntaje_datacredito,-0.3790405039
Referencia,edad_cliente,cant_creditosvigentes,-0.03553404398
Referencia,edad_cliente,huella_consulta,-0.2363260391
Referencia,edad_cliente,saldo_mora,0.03055708949
Referencia,edad_cliente,saldo_total,0.06362994373
Referencia,edad_cliente,saldo_principal,0.0859694806
Referencia,edad_cliente,saldo_mora_codeudor,0.02100090649
Referencia,edad_cliente,creditos_sectorFinanciero,0.01377464077
Referencia,edad_cliente,creditos_sectorCooperativo,0.0009079329733
Referencia,edad_cliente,creditos_sectorReal,-0.0427073318
Referencia,edad_cliente,promedio_ingresos_datacredito,0.03172586325
Referencia,edad_cliente,Pago_atiempo,0.03401367072
Referencia,salario_cliente,tipo_credito,0.03232630802
Referencia,salario_cliente,capital_prestado,0.0479843033
Referencia,salario_cliente,plazo_meses,-0.01335574319
Referencia,salario_cliente,edad_cliente,0.1427256335
Referencia,salario_cliente,salario_cliente,1
Referencia,salario_cliente,total_otros_prestamos,0.5882662138
Referencia,salario_cliente,cuota_pactada,0.05532235437
Referencia,salario_cliente,puntaje_datacredito,-0.1824478228
Referencia,salario_cliente,cant_creditosvigentes,-0.03991877826
Referencia,salario_cliente,huella_consulta,-0.04052035995
Referencia,salario_cliente,saldo_mora,0.003847967006
Referencia,salario_cliente,saldo_total,0.004562628228
Referencia,salario_cliente,saldo_principal,0.006444059457
Referencia,salario_cliente,saldo_mora_codeudor,-0.0001605305715
Referencia,salario_cliente,creditos_sectorFinanciero,-0.02366339
Referencia,salario_cliente,creditos_sectorCooperativo,-0.01342784624
Referencia,salario_cliente,creditos_sectorReal,-0.02659289251
Referencia,salario_cliente,promedio_ingresos_datacredito,-0.006364091053
Referencia,salario_cliente,Pago_atiempo,0.0002038496722
Referencia,total_otros_prestamos,tipo_credito,0.06236106362
Referencia,total_otros_prestamos,capital_prestado,0.06571107419
Referencia,total_otros_prestamos,plazo_meses,-0.01399138788
Referencia,total_otros_prestamos,edad_cliente,0.1970310004
Referencia,total_otros_prestamos,salario_cliente,0.5882662138
Referencia,total_otros_prestamos,total_otros_prestamos,1
Referencia,total_otros_prestamos,cuota_pactada,0.06252892254
Referencia,total_otros_prestamos,puntaje_datacredito,-0.2805555121
Referencia,total_otros_prestamos,cant_creditosvigentes,-0.05045494222
Referencia,total_otros_prestamos,huella_consulta,-0.05104688932
Referencia,total_otros_prestamos,saldo_mora,0.005836009252
Referencia,total_otros_prestamos,saldo_total,0.0726101264
Referencia,total_otros_prestamos,saldo_principal,0.09229001386
Referencia,total_otros_prestamos,saldo_mora_codeudor,-0.001236408453
Referencia,total_otros_prestamos,creditos_sectorFinanciero,-0.03282227624
Referencia,total_otros_prestamos,creditos_sectorCooperativo,-0.01451169621
Referencia,total_otros_prestamos,creditos_sectorReal,-0.02769015818
Referencia,total_otros_prestamos,promedio_ingresos_datacredito,0.0178578504
Referencia,total_otros_prestamos,Pago_atiempo,0.00351890377
Referencia,cuota_pactada,tipo_credito,0.05829039926
Referencia,cuota_pactada,capital_prestado,0.7677863082
Referencia,cuota_pactada,plazo_meses,-0.220983695
Referencia,cuota_pactada,edad_cliente,0.1603249144
Referencia,cuota_pactada,salario_cliente,0.05532235437
Referencia,cuota_pactada,total_otros_prestamos,0.06252892254
Referencia,cuota_pactada,cuota_pactada,1
Referencia,cuota_pactada,puntaje_datacredito,-0.1554929203
Referencia,cuota_pactada,cant_creditosvigentes,0.03956767554
Referencia,cuota_pactada,huella_consulta,0.009782463914
Referencia,cuota_pactada,saldo_mora,0.005778603592
Referencia,cuota_pactada,saldo_total,0.1553814697
Referencia,cuota_pactada,saldo_principal,0.1958045949
Referencia,cuota_pactada,saldo_mora_codeudor,-0.006815323657
Referencia,cuota_pactada,creditos_sectorFinanciero,0.1001796134
Referencia,cuota_pactada,creditos_sectorCooperativo,-0.02294039612
Referencia,cuota_pactada,creditos_sectorReal,-0.0800583069
Referencia,cuota_pactada,promedio_ingresos_datacredito,0.09236454696
Referencia,cuota_pactada,Pago_atiempo,-0.01522568427
Referencia,puntaje_datacredito,tipo_credito,-0.1270405885
Referencia,puntaje_datacredito,capital_prestado,-0.1709860149
Referencia,puntaje_datacredito,plazo_meses,0.002593011804
Referencia,puntaje_datacredito,edad_cliente,-0.3790405039
Referencia,puntaje_datacredito,salario_cliente,-0.1824478228
Referencia,puntaje_datacredito,total_otros_prestamos,-0.2805555121
Referencia,puntaje_datacredito,cuota_pactada,-0.1554929203
Referencia,puntaje_datacredito,puntaje_datacredito,1
Referencia,puntaje_datacredito,cant_creditosvigentes,0.1022343953
Referencia,puntaje_datacredito,huella_consulta,0.0205645326
Referencia,puntaje_datacredito,saldo_mora,-0.2112720148
Referencia,puntaje_datacredito,saldo_total,0.07830295472
Referencia,puntaje_datacredito,saldo_principal,0.07939194511
Referencia,puntaje_datacredito,saldo_mora_codeudor,0.001631415165
Referencia,puntaje_datacredito,creditos_sectorFinanciero,0.1417211034
Referencia,puntaje_datacredito,creditos_sectorCooperativo,0.03342290152
Referencia,puntaje_datacredito,creditos_sectorReal,-0.05131258357
Referencia,puntaje_datacredito,promedio_ingresos_datacredito,0.1366733028
Referencia,puntaje_datacredito,Pago_atiempo,0.06581750482
Referencia,cant_creditosvigentes,tipo_credito,0.04182168931
Referencia,cant_creditosvigentes,capital_prestado,0.03546710583
Referencia,cant_creditosvigentes,plazo_meses,-0.003295304801
Referencia,cant_creditosvigentes,edad_cliente,-0.03553404398
Referencia,cant_creditosvigentes,salario_cliente,-0.03991877826
Referencia,cant_creditosvigentes,total_otros_prestamos,-0.05045494222
Referencia,cant_creditosvigentes,cuota_pactada,0.03956767554
Referencia,cant_creditosvigentes,puntaje_datacredito,0.1022343953
Referencia,cant_creditosvigentes,cant_creditosvigentes,1
Referencia,cant_creditosvigentes,huella_consulta,0.3273663431
Referencia,cant_creditosvigentes,saldo_mora,0.01037110077
Referencia,cant_creditosvigentes,saldo_total,0.4233302077
Referencia,cant_creditosvigentes,saldo_principal,0.4912881055
Referencia,cant_creditosvigentes,saldo_mora_codeudor,-0.01402324387
Referencia,cant_creditosvigentes,creditos_sectorFinanciero,0.7928843834
Referencia,cant_creditosvigentes,creditos_sectorCooperativo,0.196128684
Referencia,cant_creditosvigentes,creditos_sectorReal,0.5464931189
Referencia,cant_creditosvigentes,promedio_ingresos_datacredito,0.1527832097
Referencia,cant_creditosvigentes,Pago_atiempo,0.006443583296
Referencia,huella_consulta,tipo_credito,-0.04003551321
Referencia,huella_consulta,capital_prestado,0.03191595181
Referencia,huella_consulta,plazo_meses,0.04246177936
Referencia,huella_consulta,edad_cliente,-0.2363260391
Referencia,huella_consulta,salario_cliente,-0.04052035995
Referencia,huella_consulta,total_otros_prestamos,-0.05104688932
Referencia,huella_consulta,cuota_pactada,0.009782463914
Referencia,huella_consulta,puntaje_datacredito,0.0205645326
Referencia,huella_consulta,cant_creditosvigentes,0.3273663431
Referencia,huella_consulta,huella_consulta,1
Referencia,huella_consulta,saldo_mora,-0.01621923493
Referencia,huella_consulta,saldo_total,0.1636896747
Referencia,huella_consulta,saldo_principal,0.1840699742
Referencia,huella_consulta,saldo_mora_codeudor,-0.0184054698
Referencia,huella_consulta,creditos_sectorFinanciero,0.2654121418
Referencia,huella_consulta,creditos_sectorCooperativo,0.02459582781
Referencia,huella_consulta,creditos_sectorReal,0.1711639279
Referencia,huella_consulta,promedio_ingresos_datacredito,0.040440931
Referencia,huella_consulta,Pago_atiempo,-0.07340988074
Referencia,saldo_mora,tipo_credito,0.03878763906
Referencia,saldo_mora,capital_prestado,0.03123779378
Referencia,saldo_mora,plazo_meses,0.02165624047
Referencia,saldo_mora,edad_cliente,0.03055708949
Referencia,saldo_mora,salario_cliente,0.003847967006
Referencia,saldo_mora,total_otros_prestamos,0.005836009252
Referencia,saldo_mora,cuota_pactada,0.005778603592
Referencia,saldo_mora,puntaje_datacredito,-0.2112720148
Referencia,saldo_mora,cant_creditosvigentes,0.01037110077
Referencia,saldo_mora,huella_consulta,-0.01621923493
Referencia,saldo_mora,saldo_mora,1
Referencia,saldo_mora,saldo_total,0.003031626754
Referencia,saldo_mora,saldo_principal,0.006360021911
Referencia,saldo_mora,saldo_mora_codeudor,0.1106908062
Referencia,saldo_mora,creditos_sectorFinanciero,0.01033363808
Referencia,saldo_mora,creditos_sectorCooperativo,0.0007880003622
Referencia,saldo_mora,creditos_sectorReal,0.003341127503
Referencia,saldo_mora,promedio_ingresos_datacredito,-0.004212643719
Referencia,saldo_mora,Pago_atiempo,-0.08016498113
Referencia,saldo_total,tipo_credito,0.1116027623
Referencia,saldo_total,capital_prestado,0.1394387267
Referencia,saldo_total,plazo_meses,-0.03660124631
Referencia,saldo_total,edad_cliente,0.06362994373
Referencia,saldo_total,salario_cliente,0.004562628228
Referencia,saldo_total,total_otros_prestamos,0.0726101264
Referencia,saldo_total,cuota_pactada,0.1553814697
Referencia,saldo_total,puntaje_datacredito,0.07830295472
Referencia,saldo_total,cant_creditosvigentes,0.4233302077
Referencia,saldo_total,huella_consulta,0.1636896747
Referencia,saldo_total,saldo_mora,0.003031626754
Referencia,saldo_total,saldo_total,1
Referencia,saldo_total,saldo_principal,0.7792959286
Referencia,saldo_total,saldo_mora_codeudor,-0.004026586654
Referencia,saldo_total,creditos_sectorFinanciero,0.4731734141
Referencia,saldo_total,creditos_sectorCooperativo,0.1074252564
Referencia,saldo_total,creditos_sectorReal,0.07812830653
Referencia,saldo_total,promedio_ingresos_datacredito,0.2205019388
Referencia,saldo_total,Pago_atiempo,0.0172118021
Referencia,saldo_principal,tipo_credito,0.1387432144
Referencia,saldo_principal,capital_prestado,0.1717378552
Referencia,saldo_principal,plazo_meses,-0.04715511212
Referencia,saldo_principal,edad_cliente,0.0859694806
Referencia,saldo_principal,salario_cliente,0.006444059457
Referencia,saldo_principal,total_otros_prestamos,0.09229001386
Referencia,saldo_principal,cuota_pactada,0.1958045949
Referencia,saldo_principal,puntaje_datacredito,0.07939194511
Referencia,saldo_principal,cant_creditosvigentes,0.4912881055
Referencia,saldo_principal,huella_consulta,0.1840699742
Referencia,saldo_principal,saldo_mora,0.006360021911
Referencia,saldo_principal,saldo_total,0.7792959286
Referencia,saldo_principal,saldo_principal,1
Referencia,saldo_principal,saldo_mora_codeudor,-0.007392333765
Referencia,saldo_principal,creditos_sectorFinanciero,0.539771114
Referencia,saldo_principal,creditos_sectorCooperativo,0.08933202978
Referencia,saldo_principal,creditos_sectorReal,0.09353788985
Referencia,saldo_principal,promedio_ingresos_datacredito,0.2762511135
Referencia,saldo_principal,Pago_atiempo,0.01434805228
Referencia,saldo_mora_codeudor,tipo_credito,0.02104235978
Referencia,saldo_mora_codeudor,capital_prestado,-0.005950107805
Referencia,saldo_mora_codeudor,plazo_meses,-0.001393899973
Referencia,saldo_mora_codeudor,edad_cliente,0.02100090649
Referencia,saldo_mora_codeudor,salario_cliente,-0.0001605305715
Referencia,saldo_mora_codeudor,total_otros_prestamos,-0.001236408453
Referencia,saldo_mora_codeudor,cuota_pactada,-0.006815323657
Referencia,saldo_mora_codeudor,puntaje_datacredito,0.001631415165
Referencia,saldo_mora_codeudor,cant_creditosvigentes,-0.01402324387
Referencia,saldo_mora_codeudor,huella_consulta,-0.0184054698
Referencia,saldo_mora_codeudor,saldo_mora,0.1106908062
Referencia,saldo_mora_codeudor,saldo_total,-0.004026586654
Referencia,saldo_mora_codeudor,saldo_principal,-0.007392333765
Referencia,saldo_mora_codeudor,saldo_mora_codeudor,1
Referencia,saldo_mora_codeudor,creditos_sectorFinanciero,-0.01378206131
Referencia,saldo_mora_codeudor,creditos_sectorCooperativo,-0.002011304267
Referencia,saldo_mora_codeudor,creditos_sectorReal,-0.00071146182
Referencia,saldo_mora_codeudor,promedio_ingresos_datacredito,0.01685717916
Referencia,saldo_mora_codeudor,Pago_atiempo,0.002943210309
Referencia,creditos_sectorFinanciero,tipo_credito,0.06856757545
Referencia,creditos_sectorFinanciero,capital_prestado,0.09198701001
Referencia,creditos_sectorFinanciero,plazo_meses,-0.007272352108
Referencia,creditos_sectorFinanciero,edad_cliente,0.01377464077
Referencia,creditos_sectorFinanciero,salario_cliente,-0.02366339
Referencia,creditos_sectorFinanciero,total_otros_prestamos,-0.03282227624
Referencia,creditos_sectorFinanciero,cuota_pactada,0.1001796134
Referencia,creditos_sectorFinanciero,puntaje_datacredito,0.1417211034
Referencia,creditos_sectorFinanciero,cant_creditosvigentes,0.7928843834
Referencia,creditos_sectorFinanciero,huella_consulta,0.2654121418
Referencia,creditos_sectorFinanciero,saldo_mora,0.01033363808
Referencia,creditos_sectorFinanciero,saldo_total,0.4731734141
Referencia,creditos_sectorFinanciero,saldo_principal,0.539771114
Referencia,creditos_sectorFinanciero,saldo_mora_codeudor,-0.01378206131
Referencia,creditos_sectorFinanciero,creditos_sectorFinanciero,1
Referencia,creditos_sectorFinanciero,creditos_sectorCooperativo,-0.01563433765
Referencia,creditos_sectorFinanciero,creditos_sectorReal,0.07517580357
Referencia,creditos_sectorFinanciero,promedio_ingresos_datacredito,0.2188727746
Referencia,creditos_sectorFinanciero,Pago_atiempo,0.02196939785
Referencia,creditos_sectorCooperativo,tipo_credito,-0.00418163992
Referencia,creditos_sectorCooperativo,capital_prestado,-0.01060650053
Referencia,creditos_sectorCooperativo,plazo_meses,0.02848140785
Referencia,creditos_sectorCooperativo,edad_cliente,0.0009079329733
Referencia,creditos_sectorCooperativo,salario_cliente,-0.01342784624
Referencia,creditos_sectorCooperativo,total_otros_prestamos,-0.01451169621
Referencia,creditos_sectorCooperativo,cuota_pactada,-0.02294039612
Referencia,creditos_sectorCooperativo,puntaje_datacredito,0.03342290152
Referencia,creditos_sectorCooperativo,cant_creditosvigentes,0.196128684
Referencia,creditos_sectorCooperativo,huella_consulta,0.02459582781
Referencia,creditos_sectorCooperativo,saldo_mora,0.0007880003622
Referencia,creditos_sectorCooperativo,saldo_total,0.1074252564
Referencia,creditos_sectorCooperativo,saldo_principal,0.08933202978
Referencia,creditos_sectorCooperativo,saldo_mora_codeudor,-0.002011304267
Referencia,creditos_sectorCooperativo,creditos_sectorFinanciero,-0.01563433765
Referencia,creditos_sectorCooperativo,creditos_sectorCooperativo,1
Referencia,creditos_sectorCooperativo,creditos_sectorReal,0.06544039662
Referencia,creditos_sectorCooperativo,promedio_ingresos_datacredito,0.002885701692
Referencia,creditos_sectorCooperativo,Pago_atiempo,0.02157413884
Referencia,creditos_sectorReal,tipo_credito,0.01088735166
Referencia,creditos_sectorReal,capital_prestado,-0.0816554925
Referencia,creditos_sectorReal,plazo_meses,-0.0007521545133
Referencia,creditos_sectorReal,edad_cliente,-0.0427073318
Referencia,creditos_sectorReal,salario_cliente,-0.02659289251
Referencia,creditos_sectorReal,total_otros_prestamos,-0.02769015818
Referencia,creditos_sectorReal,cuota_pactada,-0.0800583069
Referencia,creditos_sectorReal,puntaje_datacredito,-0.05131258357
Referencia,creditos_sectorReal,cant_creditosvigentes,0.5464931189
Referencia,creditos_sectorReal,huella_consulta,0.1711639279
Referencia,creditos_sectorReal,saldo_mora,0.003341127503
Referencia,creditos_sectorReal,saldo_total,0.07812830653
Referencia,creditos_sectorReal,saldo_principal,0.09353788985
Referencia,creditos_sectorReal,saldo_mora_codeudor,-0.00071146182
Referencia,creditos_sectorReal,creditos_sectorFinanciero,0.07517580357
Referencia,creditos_sectorReal,creditos_sectorCooperativo,0.06544039662
Referencia,creditos_sectorReal,creditos_sectorReal,1
Referencia,creditos_sectorReal,promedio_ingresos_datacredito,-0.04263901248
Referencia,creditos_sectorReal,Pago_atiempo,-0.02966146895
Referencia,promedio_ingresos_datacredito,tipo_credito,0.04875482998
Referencia,promedio_ingresos_datacredito,capital_prestado,0.116406247
Referencia,promedio_ingresos_datacredito,plazo_meses,0.02506205977
Referencia,promedio_ingresos_datacredito,edad_cliente,0.03172586325
Referencia,promedio_ingresos_datacredito,salario_cliente,-0.006364091053
Referencia,promedio_ingresos_datacredito,total_otros_prestamos,0.0178578504
Referencia,promedio_ingresos_datacredito,cuota_pactada,0.09236454696
Referencia,promedio_ingresos_datacredito,puntaje_datacredito,0.1366733028
Referencia,promedio_ingresos_datacredito,cant_creditosvigentes,0.1527832097
Referencia,promedio_ingresos_datacredito,huella_consulta,0.040440931
Referencia,promedio_ingresos_datacredito,saldo_mora,-0.004212643719
Referencia,promedio_ingresos_datacredito,saldo_total,0.2205019388
Referencia,promedio_ingresos_datacredito,saldo_principal,0.2762511135
Referencia,promedio_ingresos_datacredito,saldo_mora_codeudor,0.01685717916
Referencia,promedio_ingresos_datacredito,creditos_sectorFinanciero,0.2188727746
Referencia,promedio_ingresos_datacredito,creditos_sectorCooperativo,0.002885701692
Referencia,promedio_ingresos_datacredito,creditos_sectorReal,-0.04263901248
Referencia,promedio_ingresos_datacredito,promedio_ingresos_datacredito,1
Referencia,promedio_ingresos_datacredito,Pago_atiempo,0.0390247807
Referencia,Pago_atiempo,tipo_credito,-0.001055592897
Referencia,Pago_atiempo,capital_prestado,-0.04362280982
Referencia,Pago_atiempo,plazo_meses,-0.06593363056
Referencia,Pago_atiempo,edad_cliente,0.03401367072
Referencia,Pago_atiempo,salario_cliente,0.0002038496722
Referencia,Pago_atiempo,total_otros_prestamos,0.00351890377
Referencia,Pago_atiempo,cuota_pactada,-0.01522568427
Referencia,Pago_atiempo,puntaje_datacredito,0.06581750482
Referencia,Pago_atiempo,cant_creditosvigentes,0.006443583296
Referencia,Pago_atiempo,huella_consulta,-0.07340988074
Referencia,Pago_atiempo,saldo_mora,-0.08016498113
Referencia,Pago_atiempo,saldo_total,0.0172118021
Referencia,Pago_atiempo,saldo_principal,0.01434805228
Referencia,Pago_atiempo,saldo_mora_codeudor,0.002943210309
Referencia,Pago_atiempo,creditos_sectorFinanciero,0.02196939785
Referencia,Pago_atiempo,creditos_sectorCooperativo,0.02157413884
Referencia,Pago_atiempo,creditos_sectorReal,-0.02966146895
Referencia,Pago_atiempo,promedio_ingresos_datacredito,0.0390247807
Referencia,Pago_atiempo,Pago_atiempo,1
Actual,tipo_credito,tipo_credito,1
Actual,tipo_credito,capital_prestado,-0.003358392835
Actual,tipo_credito,plazo_meses,-0.1695712471
Actual,tipo_credito,edad_cliente,0.1504554697
Actual,tipo_credito,salario_cliente,0.08957186987
Actual,tipo_credito,total_otros_prestamos,0.07247205359
Actual,tipo_credito,cuota_pactada,0.06378079062
Actual,tipo_credito,puntaje_datacredito,-0.1663457533
Actual,tipo_credito,cant_creditosvigentes,0.01846212332
Actual,tipo_credito,huella_consulta,-0.04123624237
Actual,tipo_credito,saldo_mora,5.644176069e-05
Actual,tipo_credito,saldo_total,0.07164415286
Actual,tipo_credito,saldo_principal,0.1288577308
Actual,tipo_credito,saldo_mora_codeudor,
Actual,tipo_credito,creditos_sectorFinanciero,0.0339360659
Actual,tipo_credito,creditos_sectorCooperativo,-0.02673365752
Actual,tipo_credito,creditos_sectorReal,0.03189285585
Actual,tipo_credito,promedio_ingresos_datacredito,0.09083958329
Actual,tipo_credito,Pago_atiempo,0.00947259736
Actual,capital_prestado,tipo_credito,-0.003358392835
Actual,capital_prestado,capital_prestado,1
Actual,capital_prestado,plazo_meses,0.2785575363
Actual,capital_prestado,edad_cliente,0.09809899862
Actual,capital_prestado,salario_cliente,0.05777151049
Actual,capital_prestado,total_otros_prestamos,0.06290065674
Actual,capital_prestado,cuota_pactada,0.7513889654
Actual,capital_prestado,puntaje_datacredito,-0.0661250589
Actual,capital_prestado,cant_creditosvigentes,0.1190191454
Actual,capital_prestado,huella_consulta,0.006165963362
Actual,capital_prestado,saldo_mora,0.01802749688
Actual,capital_prestado,saldo_total,0.1380668057
Actual,capital_prestado,saldo_principal,0.1941951075
Actual,capital_prestado,saldo_mora_codeudor,
Actual,capital_prestado,creditos_sectorFinanciero,0.1844789088
Actual,capital_prestado,creditos_sectorCooperativo,-0.04274816862
Actual,capital_prestado,creditos_sectorReal,-0.06059696462
Actual,capital_prestado,promedio_ingresos_datacredito,0.1247194106
Actual,capital_prestado,Pago_atiempo,-0.02765719346
Actual,plazo_meses,tipo_credito,-0.1695712471
Actual,plazo_meses,capital_prestado,0.2785575363
Actual,plazo_meses,plazo_meses,1
Actual,plazo_meses,edad_cliente,-0.1012848182
Actual,plazo_meses,salario_cliente,-0.0143624683
Actual,plazo_meses,total_otros_prestamos,-0.01021013398
Actual,plazo_meses,cuota_pactada,-0.2520412764
Actual,plazo_meses,puntaje_datacredito,0.0009076606815
Actual,plazo_meses,cant_creditosvigentes,-0.001142353999
Actual,plazo_meses,huella_consulta,0.0593636806
Actual,plazo_meses,saldo_mora,0.03155424638
Actual,plazo_meses,saldo_total,-0.02784654542
Actual,plazo_meses,saldo_principal,-0.0544129347
Actual,plazo_meses,saldo_mora_codeudor,
Actual,plazo_meses,creditos_sectorFinanciero,0.01857949353
Actual,plazo_meses,creditos_sectorCooperativo,0.04971013305
Actual,plazo_meses,creditos_sectorReal,-0.02227170734
Actual,plazo_meses,promedio_ingresos_datacredito,0.01563612548
Actual,plazo_meses,Pago_atiempo,-0.0516624492
Actual,edad_cliente,tipo_credito,0.1504554697
Actual,edad_cliente,capital_prestado,0.09809899862
Actual,edad_cliente,plazo_meses,-0.1012848182
Actual,edad_cliente,edad_cliente,1
Actual,edad_cliente,salario_cliente,0.2844029396
Actual,edad_cliente,total_otros_prestamos,0.2171326236
Actual,edad_cliente,cuota_pactada,0.1325641469
Actual,edad_cliente,puntaje_datacredito,-0.3878400181
Actual,edad_cliente,cant_creditosvigentes,-0.05064047871
Actual,edad_cliente,huella_consulta,-0.2470563285
Actual,edad_cliente,saldo_mora,-0.01321715345
Actual,edad_cliente,saldo_total,0.03485900368
Actual,edad_cliente,saldo_principal,0.07367517156
Actual,edad_cliente,saldo_mora_codeudor,
Actual,edad_cliente,creditos_sectorFinanciero,0.02007878539
Actual,edad_cliente,creditos_sectorCooperativo,-0.005624968195
Actual,edad_cliente,creditos_sectorReal,-0.07248349789
Actual,edad_cliente,promedio_ingresos_datacredito,0.02353926543
Actual,edad_cliente,Pago_atiempo,0.02513101083
Actual,salario_cliente,tipo_credito,0.08957186987
Actual,salario_cliente,capital_prestado,0.05777151049
Actual,salario_cliente,plazo_meses,-0.0143624683
Actual,salario_cliente,edad_cliente,0.2844029396
Actual,salario_cliente,salario_cliente,1
Actual,salario_cliente,total_otros_prestamos,0.9357236724
Actual,salario_cliente,cuota_pactada,0.04976464315
Actual,salario_cliente,puntaje_datacredito,-0.3970320044
Actual,salario_cliente,cant_creditosvigentes,-0.06986285631
Actual,salario_cliente,huella_consulta,-0.07257923053
Actual,salario_cliente,saldo_mora,0.01113476143
Actual,salario_cliente,saldo_total,0.2724451159
Actual,salario_cliente,saldo_principal,0.4446611446
Actual,salario_cliente,saldo_mora_codeudor,
Actual,salario_cliente,creditos_sectorFinanciero,-0.0438778998
Actual,salario_cliente,creditos_sectorCooperativo,-0.02000257432
Actual,salario_cliente,creditos_sectorReal,-0.03897377603
Actual,salario_cliente,promedio_ingresos_datacredito,0.3495057811
Actual,salario_cliente,Pago_atiempo,-0.05531519489
Actual,total_otros_prestamos,tipo_credito,0.07247205359
Actual,total_otros_prestamos,capital_prestado,0.06290065674
Actual,total_otros_prestamos,plazo_meses,-0.01021013398
Actual,total_otros_prestamos,edad_cliente,0.2171326236
Actual,total_otros_prestamos,salario_cliente,0.9357236724
Actual,total_otros_prestamos,total_otros_prestamos,1
Actual,total_otros_prestamos,cuota_pactada,0.0456283254
Actual,total_otros_prestamos,puntaje_datacredito,-0.3032906544
Actual,total_otros_prestamos,cant_creditosvigentes,-0.04991419824
Actual,total_otros_prestamos,huella_consulta,-0.05639360537
Actual,total_otros_prestamos,saldo_mora,0.01086640485
Actual,total_otros_prestamos,saldo_total,0.2589050133
Actual,total_otros_prestamos,saldo_principal,0.3878865618
Actual,total_otros_prestamos,saldo_mora_codeudor,
Actual,total_otros_prestamos,creditos_sectorFinanciero,-0.02803846138
Actual,total_otros_prestamos,creditos_sectorCooperativo,-0.01459556052
Actual,total_otros_prestamos,creditos_sectorReal,-0.02886650363
Actual,total_otros_prestamos,promedio_ingresos_datacredito,0.1081824609
Actual,total_otros_prestamos,Pago_atiempo,-0.07844553294
Actual,cuota_pactada,tipo_credito,0.06378079062
Actual,cuota_pactada,capital_prestado,0.7513889654
Actual,cuota_pactada,plazo_meses,-0.2520412764
Actual,cuota_pactada,edad_cliente,0.1325641469
Actual,cuota_pactada,salario_cliente,0.04976464315
Actual,cuota_pactada,total_otros_prestamos,0.0456283254
Actual,cuota_pactada,cuota_pactada,1
Actual,cuota_pactada,puntaje_datacredito,-0.0412964055
Actual,cuota_pactada,cant_creditosvigentes,0.1101807618
Actual,cuota_pactada,huella_consulta,-0.02327706948
Actual,cuota_pactada,saldo_mora,-0.007658604016
Actual,cuota_pactada,saldo_total,0.136848971
Actual,cuota_pactada,saldo_principal,0.2164191315
Actual,cuota_pactada,saldo_mora_codeudor,
Actual,cuota_pactada,creditos_sectorFinanciero,0.1640539792
Actual,cuota_pactada,creditos_sectorCooperativo,-0.0604898041
Actual,cuota_pactada,creditos_sectorReal,-0.05010259518
Actual,cuota_pactada,promedio_ingresos_datacredito,0.08960828424
Actual,cuota_pactada,Pago_atiempo,0.001666988769
Actual,puntaje_datacredito,tipo_credito,-0.1663457533
Actual,puntaje_datacredito,capital_prestado,-0.0661250589
Actual,puntaje_datacredito,plazo_meses,0.0009076606815
Actual,puntaje_datacredito,edad_cliente,-0.3878400181
Actual,puntaje_datacredito,salario_cliente,-0.3970320044
Actual,puntaje_datacredito,total_otros_prestamos,-0.3032906544
Actual,puntaje_datacredito,cuota_pactada,-0.0412964055
Actual,puntaje_datacredito,puntaje_datacredito,1
Actual,puntaje_datacredito,cant_creditosvigentes,0.116482629
Actual,puntaje_datacredito,huella_consulta,0.007076352132
Actual,puntaje_datacredito,saldo_mora,-0.210302877
Actual,puntaje_datacredito,saldo_total,0.06608283165
Actual,puntaje_datacredito,saldo_principal,0.09637721492
Actual,puntaje_datacredito,saldo_mora_codeudor,
Actual,puntaje_datacredito,creditos_sectorFinanciero,0.160526045
Actual,puntaje_datacredito,creditos_sectorCooperativo,0.03335142783
Actual,puntaje_datacredito,creditos_sectorReal,-0.06419308924
Actual,puntaje_datacredito,promedio_ingresos_datacredito,0.07617141272
Actual,puntaje_datacredito,Pago_atiempo,0.07608660856
Actual,cant_creditosvigentes,tipo_credito,0.01846212332
Actual,cant_creditosvigentes,capital_prestado,0.1190191454
Actual,cant_creditosvigentes,plazo_meses,-0.001142353999
Actual,cant_creditosvigentes,edad_cliente,-0.05064047871
Actual,cant_creditosvigentes,salario_cliente,-0.06986285631
Actual,cant_creditosvigentes,total_otros_prestamos,-0.04991419824
Actual,cant_creditosvigentes,cuota_pactada,0.1101807618
Actual,cant_creditosvigentes,puntaje_datacredito,0.116482629
Actual,cant_creditosvigentes,cant_creditosvigentes,1
Actual,cant_creditosvigentes,huella_consulta,0.2775718501
Actual,cant_creditosvigentes,saldo_mora,0.002363410372
Actual,cant_creditosvigentes,saldo_total,0.3733214532
Actual,cant_creditosvigentes,saldo_principal,0.4662123286
Actual,cant_creditosvigentes,saldo_mora_codeudor,
Actual,cant_creditosvigentes,creditos_sectorFinanciero,0.7845377475
Actual,cant_creditosvigentes,creditos_sectorCooperativo,0.204006232
Actual,cant_creditosvigentes,creditos_sectorReal,0.5158787697
Actual,cant_creditosvigentes,promedio_ingresos_datacredito,0.1907250383
Actual,cant_creditosvigentes,Pago_atiempo,0.01865354634
Actual,huella_consulta,tipo_credito,-0.04123624237
Actual,huella_consulta,capital_prestado,0.006165963362
Actual,huella_consulta,plazo_meses,0.0593636806
Actual,huella_consulta,edad_cliente,-0.2470563285
Actual,huella_consulta,salario_cliente,-0.07257923053
Actual,huella_consulta,total_otros_prestamos,-0.05639360537
Actual,huella_consulta,cuota_pactada,-0.02327706948
Actual,huella_consulta,puntaje_datacredito,0.007076352132
Actual,huella_consulta,cant_creditosvigentes,0.2775718501
Actual,huella_consulta,huella_consulta,1
Actual,huella_consulta,saldo_mora,0.02342371576
Actual,huella_consulta,saldo_total,0.08520941009
Actual,huella_consulta,saldo_principal,0.1209163038
Actual,huella_consulta,saldo_mora_codeudor,
Actual,huella_consulta,creditos_sectorFinanciero,0.2076876953
Actual,huella_consulta,creditos_sectorCooperativo,0.02616738299
Actual,huella_consulta,creditos_sectorReal,0.1901215742
Actual,huella_consulta,promedio_ingresos_datacredito,-0.0316146383
Actual,huella_consulta,Pago_atiempo,-0.07513637109
Actual,saldo_mora,tipo_credito,5.644176069e-05
Actual,saldo_mora,capital_prestado,0.01802749688
Actual,saldo_mora,plazo_meses,0.03155424638
Actual,saldo_mora,edad_cliente,-0.01321715345
Actual,saldo_mora,salario_cliente,0.01113476143
Actual,saldo_mora,total_otros_prestamos,0.01086640485
Actual,saldo_mora,cuota_pactada,-0.007658604016
Actual,saldo_mora,puntaje_datacredito,-0.210302877
Actual,saldo_mora,cant_creditosvigentes,0.002363410372
Actual,saldo_mora,huella_consulta,0.02342371576
Actual,saldo_mora,saldo_mora,1
Actual,saldo_mora,saldo_total,-0.001634671092
Actual,saldo_mora,saldo_principal,0.0004679478243
Actual,saldo_mora,saldo_mora_codeudor,
Actual,saldo_mora,creditos_sectorFinanciero,-0.007926756093
Actual,saldo_mora,creditos_sectorCooperativo,-0.0002226096878
Actual,saldo_mora,creditos_sectorReal,0.02213668784
Actual,saldo_mora,promedio_ingresos_datacredito,-0.003751033177
Actual,saldo_mora,Pago_atiempo,-0.1276071131
Actual,saldo_total,tipo_credito,0.07164415286
Actual,saldo_total,capital_prestado,0.1380668057
Actual,saldo_total,plazo_meses,-0.02784654542
Actual,saldo_total,edad_cliente,0.03485900368
Actual,saldo_total,salario_cliente,0.2724451159
Actual,saldo_total,total_otros_prestamos,0.2589050133
Actual,saldo_total,cuota_pactada,0.136848971
Actual,saldo_total,puntaje_datacredito,0.06608283165
Actual,saldo_total,cant_creditosvigentes,0.3733214532
Actual,saldo_total,huella_consulta,0.08520941009
Actual,saldo_total,saldo_mora,-0.001634671092
Actual,saldo_total,saldo_total,1
Actual,saldo_total,saldo_principal,0.6573702036
Actual,saldo_total,saldo_mora_codeudor,
Actual,saldo_total,creditos_sectorFinanciero,0.4246749974
Actual,saldo_total,creditos_sectorCooperativo,0.05176250809
Actual,saldo_total,creditos_sectorReal,0.04342613227
Actual,saldo_total,promedio_ingresos_datacredito,0.2066179369
Actual,saldo_total,Pago_atiempo,0.00765809237
Actual,saldo_principal,tipo_credito,0.1288577308
Actual,saldo_principal,capital_prestado,0.1941951075
Actual,saldo_principal,plazo_meses,-0.0544129347
Actual,saldo_principal,edad_cliente,0.07367517156
Actual,saldo_principal,salario_cliente,0.4446611446
Actual,saldo_principal,total_otros_prestamos,0.3878865618
Actual,saldo_principal,cuota_pactada,0.2164191315
Actual,saldo_principal,puntaje_datacredito,0.09637721492
Actual,saldo_principal,cant_creditosvigentes,0.4662123286
Actual,saldo_principal,huella_consulta,0.1209163038
Actual,saldo_principal,saldo_mora,0.0004679478243
Actual,saldo_principal,saldo_total,0.6573702036
Actual,saldo_principal,saldo_principal,1
Actual,saldo_principal,saldo_mora_codeudor,
Actual,saldo_principal,creditos_sectorFinanciero,0.5283527946
Actual,saldo_principal,creditos_sectorCooperativo,0.08065082793
Actual,saldo_principal,creditos_sectorReal,0.03419368614
Actual,saldo_principal,promedio_ingresos_datacredito,0.3233836178
Actual,saldo_principal,Pago_atiempo,0.0003909659779
Actual,saldo_mora_codeudor,tipo_credito,
Actual,saldo_mora_codeudor,capital_prestado,
Actual,saldo_mora_codeudor,plazo_meses,
Actual,saldo_mora_codeudor,edad_cliente,
Actual,saldo_mora_codeudor,salario_cliente,
Actual,saldo_mora_codeudor,total_otros_prestamos,
Actual,saldo_mora_codeudor,cuota_pactada,
Actual,saldo_mora_codeudor,puntaje_datacredito,
Actual,saldo_mora_codeudor,cant_creditosvigentes,
Actual,saldo_mora_codeudor,huella_consulta,
Actual,saldo_mora_codeudor,saldo_mora,
Actual,saldo_mora_codeudor,saldo_total,
Actual,saldo_mora_codeudor,saldo_principal,
Actual,saldo_mora_codeudor,saldo_mora_codeudor,
Actual,saldo_mora_codeudor,creditos_sectorFinanciero,
Actual,saldo_mora_codeudor,creditos_sectorCooperativo,
Actual,saldo_mora_codeudor,creditos_sectorReal,
Actual,saldo_mora_codeudor,promedio_ingresos_datacredito,
Actual,saldo_mora_codeudor,Pago_atiempo,
Actual,creditos_sectorFinanciero,tipo_credito,0.0339360659
Actual,creditos_sectorFinanciero,capital_prestado,0.1844789088
Actual,creditos_sectorFinanciero,plazo_meses,0.01857949353
Actual,creditos_sectorFinanciero,edad_cliente,0.02007878539
Actual,creditos_sectorFinanciero,salario_cliente,-0.0438778998
Actual,creditos_sectorFinanciero,total_otros_prestamos,-0.02803846138
Actual,creditos_sectorFinanciero,cuota_pactada,0.1640539792
Actual,creditos_sectorFinanciero,puntaje_datacredito,0.160526045
Actual,creditos_sectorFinanciero,cant_creditosvigentes,0.7845377475
Actual,creditos_sectorFinanciero,huella_consulta,0.2076876953
Actual,creditos_sectorFinanciero,saldo_mora,-0.007926756093
Actual,creditos_sectorFinanciero,saldo_total,0.4246749974
Actual,creditos_sectorFinanciero,saldo_principal,0.5283527946
Actual,creditos_sectorFinanciero,saldo_mora_codeudor,
Actual,creditos_sectorFinanciero,creditos_sectorFinanciero,1
Actual,creditos_sectorFinanciero,creditos_sectorCooperativo,-0.01946105814
Actual,creditos_sectorFinanciero,creditos_sectorReal,0.03521564223
Actual,creditos_sectorFinanciero,promedio_ingresos_datacredito,0.2461364523
Actual,creditos_sectorFinanciero,Pago_atiempo,0.01904793261
Actual,creditos_sectorCooperativo,tipo_credito,-0.02673365752
Actual,creditos_sectorCooperativo,capital_prestado,-0.04274816862
Actual,creditos_sectorCooperativo,plazo_meses,0.04971013305
Actual,creditos_sectorCooperativo,edad_cliente,-0.005624968195
Actual,creditos_sectorCooperativo,salario_cliente,-0.02000257432
Actual,creditos_sectorCooperativo,total_otros_prestamos,-0.01459556052
Actual,creditos_sectorCooperativo,cuota_pactada,-0.0604898041
Actual,creditos_sectorCooperativo,puntaje_datacredito,0.03335142783
Actual,creditos_sectorCooperativo,cant_creditosvigentes,0.204006232
Actual,creditos_sectorCooperativo,huella_consulta,0.02616738299
Actual,creditos_sectorCooperativo,saldo_mora,-0.0002226096878
Actual,creditos_sectorCooperativo,saldo_total,0.05176250809
Actual,creditos_sectorCooperativo,saldo_principal,0.08065082793
Actual,creditos_sectorCooperativo,saldo_mora_codeudor,
Actual,creditos_sectorCooperativo,creditos_sectorFinanciero,-0.01946105814
Actual,creditos_sectorCooperativo,creditos_sectorCooperativo,1
Actual,creditos_sectorCooperativo,creditos_sectorReal,0.05399051322
Actual,creditos_sectorCooperativo,promedio_ingresos_datacredito,0.003982857339
Actual,creditos_sectorCooperativo,Pago_atiempo,0.02009876681
Actual,creditos_sectorReal,tipo_credito,0.03189285585
Actual,creditos_sectorReal,capital_prestado,-0.06059696462
Actual,creditos_sectorReal,plazo_meses,-0.02227170734
Actual,creditos_sectorReal,edad_cliente,-0.07248349789
Actual,creditos_sectorReal,salario_cliente,-0.03897377603
Actual,creditos_sectorReal,total_otros_prestamos,-0.02886650363
Actual,creditos_sectorReal,cuota_pactada,-0.05010259518
Actual,creditos_sectorReal,puntaje_datacredito,-0.06419308924
Actual,creditos_sectorReal,cant_creditosvigentes,0.5158787697
Actual,creditos_sectorReal,huella_consulta,0.1901215742
Actual,creditos_sectorReal,saldo_mora,0.02213668784
Actual,creditos_sectorReal,saldo_total,0.04342613227
Actual,creditos_sectorReal,saldo_principal,0.03419368614
Actual,creditos_sectorReal,saldo_mora_codeudor,
Actual,creditos_sectorReal,creditos_sectorFinanciero,0.03521564223
Actual,creditos_sectorReal,creditos_sectorCooperativo,0.05399051322
Actual,creditos_sectorReal,creditos_sectorReal,1
Actual,creditos_sectorReal,promedio_ingresos_datacredito,-0.04462403898
Actual,creditos_sectorReal,Pago_atiempo,0.003093504888
Actual,promedio_ingresos_datacredito,tipo_credito,0.09083958329
Actual,promedio_ingresos_datacredito,capital_prestado,0.1247194106
Actual,promedio_ingresos_datacredito,plazo_meses,0.01563612548
Actual,promedio_ingresos_datacredito,edad_cliente,0.02353926543
Actual,promedio_ingresos_datacredito,salario_cliente,0.3495057811
Actual,promedio_ingresos_datacredito,total_otros_prestamos,0.1081824609
Actual,promedio_ingresos_datacredito,cuota_pactada,0.08960828424
Actual,promedio_ingresos_datacredito,puntaje_datacredito,0.07617141272
Actual,promedio_ingresos_datacredito,cant_creditosvigentes,0.1907250383
Actual,promedio_ingresos_datacredito,huella_consulta,-0.0316146383
Actual,promedio_ingresos_datacredito,saldo_mora,-0.003751033177
Actual,promedio_ingresos_datacredito,saldo_total,0.2066179369
Actual,promedio_ingresos_datacredito,saldo_principal,0.3233836178
Actual,promedio_ingresos_datacredito,saldo_mora_codeudor,
Actual,promedio_ingresos_datacredito,creditos_sectorFinanciero,0.2461364523
Actual,promedio_ingresos_datacredito,creditos_sectorCooperativo,0.003982857339
Actual,promedio_ingresos_datacredito,creditos_sectorReal,-0.04462403898
Actual,promedio_ingresos_datacredito,promedio_ingresos_datacredito,1
Actual,promedio_ingresos_datacredito,Pago_atiempo,0.04267643185
Actual,Pago_atiempo,tipo_credito,0.00947259736
Actual,Pago_atiempo,capital_prestado,-0.02765719346
Actual,Pago_atiempo,plazo_meses,-0.0516624492
Actual,Pago_atiempo,edad_cliente,0.02513101083
Actual,Pago_atiempo,salario_cliente,-0.05531519489
Actual,Pago_atiempo,total_otros_prestamos,-0.07844553294
Actual,Pago_atiempo,cuota_pactada,0.001666988769
Actual,Pago_atiempo,puntaje_datacredito,0.07608660856
Actual,Pago_atiempo,cant_creditosvigentes,0.01865354634
Actual,Pago_atiempo,huella_consulta,-0.07513637109
Actual,Pago_atiempo,saldo_mora,-0.1276071131
Actual,Pago_atiempo,saldo_total,0.00765809237
Actual,Pago_atiempo,saldo_principal,0.0003909659779
Actual,Pago_atiempo,saldo_mora_codeudor,
Actual,Pago_atiempo,creditos_sectorFinanciero,0.01904793261
Actual,Pago_atiempo,creditos_sectorCooperativo,0.02009876681
Actual,Pago_atiempo,creditos_sectorReal,0.003093504888
Actual,Pago_atiempo,promedio_ingresos_datacredito,0.04267643185
Actual,Pago_atiempo,Pago_atiempo,1
