Variable,Dataset,Intervalo,Conteo,Proporcion
tipo_credito,Referencia,5.600000025,6191,0.719047619
tipo_credito,Referencia,8.800000075,2418,0.2808362369
tipo_credito,Referencia,12.00000012,0,0
tipo_credito,Referencia,15.20000017,0,0
tipo_credito,Referencia,18.40000022,0,0
tipo_credito,Referencia,21.60000027,0,0
tipo_credito,Referencia,24.80000032,0,0
tipo_credito,Referencia,28.00000037,0,0
tipo_credito,Referencia,31.20000042,0,0
tipo_credito,Referencia,34.40000047,0,0
tipo_credito,Referencia,37.60000052,0,0
tipo_credito,Referencia,40.80000057,0,0
tipo_credito,Referencia,44.00000062,0,0
tipo_credito,Referencia,47.20000067,0,0
tipo_credito,Referencia,50.40000072,0,0
tipo_credito,Referencia,53.60000077,0,0
tipo_credito,Referencia,56.80000082,0,0
tipo_credito,Referencia,60.00000087,0,0
tipo_credito,Referencia,63.20000092,0,0
tipo_credito,Referencia,66.40000097,1,0.0001161440186
tipo_credito,Actual,5.600000025,1579,0.7333952624
tipo_credito,Actual,8.800000075,574,0.2666047376
tipo_credito,Actual,12.00000012,0,0
tipo_credito,Actual,15.20000017,0,0
tipo_credito,Actual,18.40000022,0,0
tipo_credito,Actual,21.60000027,0,0
tipo_credito,Actual,24.80000032,0,0
tipo_credito,Actual,28.00000037,0,0
tipo_credito,Actual,31.20000042,0,0
tipo_credito,Actual,34.40000047,0,0
tipo_credito,Actual,37.60000052,0,0
tipo_credito,Actual,40.80000057,0,0
tipo_credito,Actual,44.00000062,0,0
tipo_credito,Actual,47.20000067,0,0
tipo_credito,Actual,50.40000072,0,0
tipo_credito,Actual,53.60000077,0,0
tipo_credito,Actual,56.80000082,0,0
tipo_credito,Actual,60.00000087,0,0
tipo_credito,Actual,63.20000092,0,0
tipo_credito,Actual,66.40000097,0,0
capital_prestado,Referencia,1387103.82,5438,0.6315911731
capital_prestado,Referencia,3441311.46,2317,0.2691056911
capital_prestado,Referencia,5495519.1,517,0.06004645761
capital_prestado,Referencia,7549726.74,216,0.02508710801
capital_prestado,Referencia,9603934.38,75,0.008710801394
capital_prestado,Referencia,11658142.02,16,0.001858304297
capital_prestado,Referencia,13712349.66,18,0.002090592334
capital_prestado,Referencia,15766557.3,5,0.0005807200929
capital_prestado,Referencia,17820764.94,0,0
capital_prestado,Referencia,19874972.58,1,0.0001161440186
capital_prestado,Referencia,21929180.22,2,0.0002322880372
capital_prestado,Referencia,23983387.86,0,0
capital_prestado,Referencia,26037595.5,2,0.0002322880372
capital_prestado,Referencia,28091803.14,2,0.0002322880372
capital_prestado,Referencia,30146010.78,0,0
capital_prestado,Referencia,32200218.42,0,0
capital_prestado,Referencia,34254426.06,0,0
capital_prestado,Referencia,36308633.7,0,0
capital_prestado,Referencia,38362841.34,0,0
capital_prestado,Referencia,40417048.98,1,0.0001161440186
capital_prestado,Actual,1387103.82,1334,0.6196005574
capital_prestado,Actual,3441311.46,613,0.2847189967
capital_prestado,Actual,5495519.1,114,0.05294937297
capital_prestado,Actual,7549726.74,66,0.03065490014
capital_prestado,Actual,9603934.38,14,0.006502554575
capital_prestado,Actual,11658142.02,7,0.003251277288
capital_prestado,Actual,13712349.66,5,0.00232234092
capital_prestado,Actual,15766557.3,0,0
capital_prestado,Actual,17820764.94,0,0
capital_prestado,Actual,19874972.58,0,0
capital_prestado,Actual,21929180.22,0,0
capital_prestado,Actual,23983387.86,0,0
capital_prestado,Actual,26037595.5,0,0
capital_prestado,Actual,28091803.14,0,0
capital_prestado,Actual,30146010.78,0,0
capital_prestado,Actual,32200218.42,0,0
capital_prestado,Actual,34254426.06,0,0
capital_prestado,Actual,36308633.7,0,0
capital_prestado,Actual,38362841.34,0,0
capital_prestado,Actual,40417048.98,0,0
plazo_meses,Referencia,4.200000025,3094,0.3593495935
plazo_meses,Referencia,8.600000075,2195,0.2549361208
plazo_meses,Referencia,13.00000012,2403,0.2790940767
plazo_meses,Referencia,17.40000018,216,0.02508710801
plazo_meses,Referencia,21.80000022,375,0.04355400697
plazo_meses,Referencia,26.20000028,0,0
plazo_meses,Referencia,30.60000033,13,0.001509872242
plazo_meses,Referencia,35.00000037,312,0.0362369338
plazo_meses,Referencia,39.40000043,0,0
plazo_meses,Referencia,43.80000048,0,0
plazo_meses,Referencia,48.20000053,1,0.0001161440186
plazo_meses,Referencia,52.60000058,0,0
plazo_meses,Referencia,57.00000062,0,0
plazo_meses,Referencia,61.40000068,0,0
plazo_meses,Referencia,65.80000073,0,0
plazo_meses,Referencia,70.20000078,0,0
plazo_meses,Referencia,74.60000082,0,0
plazo_meses,Referencia,79.00000088,0,0
plazo_meses,Referencia,83.40000093,0,0
plazo_meses,Referencia,87.80000097,1,0.0001161440186
plazo_meses,Actual,4.200000025,811,0.3766836972
plazo_meses,Actual,8.600000075,523,0.2429168602
plazo_meses,Actual,13.00000012,579,0.2689270785
plazo_meses,Actual,17.40000018,59,0.02740362285
plazo_meses,Actual,21.80000022,103,0.04784022294
plazo_meses,Actual,26.20000028,0,0
plazo_meses,Actual,30.60000033,5,0.00232234092
plazo_meses,Actual,35.00000037,73,0.03390617743
plazo_meses,Actual,39.40000043,0,0
plazo_meses,Actual,43.80000048,0,0
plazo_meses,Actual,48.20000053,0,0
plazo_meses,Actual,52.60000058,0,0
plazo_meses,Actual,57.00000062,0,0
plazo_meses,Actual,61.40000068,0,0
plazo_meses,Actual,65.80000073,0,0
plazo_meses,Actual,70.20000078,0,0
plazo_meses,Actual,74.60000082,0,0
plazo_meses,Actual,79.00000088,0,0
plazo_meses,Actual,83.40000093,0,0
plazo_meses,Actual,87.80000097,0,0
edad_cliente,Referencia,21.60000002,332,0.03855981417
edad_cliente,Referencia,26.80000007,940,0.1091753775
edad_cliente,Referencia,32.00000012,1122,0.1303135889
edad_cliente,Referencia,37.20000017,1273,0.1478513357
edad_cliente,Referencia,42.40000022,1487,0.1727061556
edad_cliente,Referencia,47.60000027,917,0.106504065
edad_cliente,Referencia,52.80000032,871,0.1011614402
edad_cliente,Referencia,58.00000037,754,0.08757259001
edad_cliente,Referencia,63.20000042,500,0.05807200929
edad_cliente,Referencia,68.40000047,293,0.03403019744
edad_cliente,Referencia,73.60000052,0,0
edad_cliente,Referencia,78.80000057,0,0
edad_cliente,Referencia,84.00000062,0,0
edad_cliente,Referencia,89.20000067,0,0
edad_cliente,Referencia,94.40000072,0,0
edad_cliente,Referencia,99.60000077,0,0
edad_cliente,Referencia,104.8000008,0,0
edad_cliente,Referencia,110.0000009,0,0
edad_cliente,Referencia,115.2000009,0,0
edad_cliente,Referencia,120.400001,121,0.01405342625
edad_cliente,Actual,21.60000002,78,0.03622851835
edad_cliente,Actual,26.80000007,240,0.1114723641
edad_cliente,Actual,32.00000012,292,0.1356247097
edad_cliente,Actual,37.20000017,337,0.156525778
edad_cliente,Actual,42.40000022,366,0.1699953553
edad_cliente,Actual,47.60000027,214,0.09939619136
edad_cliente,Actual,52.80000032,214,0.09939619136
edad_cliente,Actual,58.00000037,189,0.08778448676
edad_cliente,Actual,63.20000042,139,0.06456107757
edad_cliente,Actual,68.40000047,55,0.02554575012
edad_cliente,Actual,73.60000052,0,0
edad_cliente,Actual,78.80000057,0,0
edad_cliente,Actual,84.00000062,0,0
edad_cliente,Actual,89.20000067,0,0
edad_cliente,Actual,94.40000072,0,0
edad_cliente,Actual,99.60000077,0,0
edad_cliente,Actual,104.8000008,0,0
edad_cliente,Actual,110.0000009,0,0
edad_cliente,Actual,115.2000009,0,0
edad_cliente,Actual,120.400001,29,0.01346957733
salario_cliente,Referencia,550000000,8594,0.9981416957
salario_cliente,Referencia,1650000000,5,0.0005807200929
salario_cliente,Referencia,2750000000,2,0.0002322880372
salario_cliente,Referencia,3850000000,1,0.0001161440186
salario_cliente,Referencia,4950000000,2,0.0002322880372
salario_cliente,Referencia,6050000000,0,0
salario_cliente,Referencia,7150000000,1,0.0001161440186
salario_cliente,Referencia,8250000000,1,0.0001161440186
salario_cliente,Referencia,9350000000,0,0
salario_cliente,Referencia,1.045e+10,0,0
salario_cliente,Referencia,1.155e+10,0,0
salario_cliente,Referencia,1.265e+10,1,0.0001161440186
salario_cliente,Referencia,1.375e+10,1,0.0001161440186
salario_cliente,Referencia,1.485e+10,0,0
salario_cliente,Referencia,1.595e+10,0,0
salario_cliente,Referencia,1.705e+10,1,0.0001161440186
salario_cliente,Referencia,1.815e+10,0,0
salario_cliente,Referencia,1.925e+10,0,0
salario_cliente,Referencia,2.035e+10,0,0
salario_cliente,Referencia,2.145e+10,1,0.0001161440186
salario_cliente,Actual,550000000,2149,0.9981421273
salario_cliente,Actual,1650000000,2,0.0009289363679
salario_cliente,Actual,2750000000,0,0
salario_cliente,Actual,3850000000,2,0.0009289363679
salario_cliente,Actual,4950000000,0,0
salario_cliente,Actual,6050000000,0,0
salario_cliente,Actual,7150000000,0,0
salario_cliente,Actual,8250000000,0,0
salario_cliente,Actual,9350000000,0,0
salario_cliente,Actual,1.045e+10,0,0
salario_cliente,Actual,1.155e+10,0,0
salario_cliente,Actual,1.265e+10,0,0
salario_cliente,Actual,1.375e+10,0,0
salario_cliente,Actual,1.485e+10,0,0
salario_cliente,Actual,1.595e+10,0,0
salario_cliente,Actual,1.705e+10,0,0
salario_cliente,Actual,1.815e+10,0,0
salario_cliente,Actual,1.925e+10,0,0
salario_cliente,Actual,2.035e+10,0,0
salario_cliente,Actual,2.145e+10,0,0
total_otros_prestamos,Referencia,169691881.6,8587,0.9973286876
total_otros_prestamos,Referencia,509075644.7,8,0.0009291521487
total_otros_prestamos,Referencia,848459407.9,4,0.0004645760743
total_otros_prestamos,Referencia,1187843171,3,0.0003484320557
total_otros_prestamos,Referencia,1527226934,2,0.0002322880372
total_otros_prestamos,Referencia,1866610697,1,0.0001161440186
total_otros_prestamos,Referencia,2205994460,0,0
total_otros_prestamos,Referencia,2545378224,0,0
total_otros_prestamos,Referencia,2884761987,0,0
total_otros_prestamos,Referencia,3224145750,1,0.0001161440186
total_otros_prestamos,Referencia,3563529513,0,0
total_otros_prestamos,Referencia,3902913276,1,0.0001161440186
total_otros_prestamos,Referencia,4242297039,1,0.0001161440186
total_otros_prestamos,Referencia,4581680803,0,0
total_otros_prestamos,Referencia,4921064566,1,0.0001161440186
total_otros_prestamos,Referencia,5260448329,0,0
total_otros_prestamos,Referencia,5599832092,0,0
total_otros_prestamos,Referencia,5939215855,0,0
total_otros_prestamos,Referencia,6278599618,0,0
total_otros_prestamos,Referencia,6617983381,1,0.0001161440186
total_otros_prestamos,Actual,169691881.6,2149,0.9981421273
total_otros_prestamos,Actual,509075644.7,0,0
total_otros_prestamos,Actual,848459407.9,2,0.0009289363679
total_otros_prestamos,Actual,1187843171,0,0
total_otros_prestamos,Actual,1527226934,0,0
total_otros_prestamos,Actual,1866610697,1,0.0004644681839
total_otros_prestamos,Actual,2205994460,0,0
total_otros_prestamos,Actual,2545378224,0,0
total_otros_prestamos,Actual,2884761987,0,0
total_otros_prestamos,Actual,3224145750,0,0
total_otros_prestamos,Actual,3563529513,0,0
total_otros_prestamos,Actual,3902913276,1,0.0004644681839
total_otros_prestamos,Actual,4242297039,0,0
total_otros_prestamos,Actual,4581680803,0,0
total_otros_prestamos,Actual,4921064566,0,0
total_otros_prestamos,Actual,5260448329,0,0
total_otros_prestamos,Actual,5599832092,0,0
total_otros_prestamos,Actual,5939215855,0,0
total_otros_prestamos,Actual,6278599618,0,0
total_otros_prestamos,Actual,6617983381,0,0
cuota_pactada,Referencia,118764.2,5073,0.5891986063
cuota_pactada,Referencia,308404.6,2384,0.2768873403
cuota_pactada,Referencia,498045,700,0.08130081301
cuota_pactada,Referencia,687685.4,253,0.0293844367
cuota_pactada,Referencia,877325.8,78,0.009059233449
cuota_pactada,Referencia,1066966.2,54,0.006271777003
cuota_pactada,Referencia,1256606.6,32,0.003716608595
cuota_pactada,Referencia,1446247,9,0.001045296167
cuota_pactada,Referencia,1635887.4,8,0.0009291521487
cuota_pactada,Referencia,1825527.8,4,0.0004645760743
cuota_pactada,Referencia,2015168.2,3,0.0003484320557
cuota_pactada,Referencia,2204808.6,7,0.0008130081301
cuota_pactada,Referencia,2394449,2,0.0002322880372
cuota_pactada,Referencia,2584089.4,2,0.0002322880372
cuota_pactada,Referencia,2773729.8,0,0
cuota_pactada,Referencia,2963370.2,0,0
cuota_pactada,Referencia,3153010.6,0,0
cuota_pactada,Referencia,3342651,0,0
cuota_pactada,Referencia,3532291.4,0,0
cuota_pactada,Referencia,3721931.8,1,0.0001161440186
cuota_pactada,Actual,118764.2,1263,0.5866233163
cuota_pactada,Actual,308404.6,582,0.270320483
cuota_pactada,Actual,498045,184,0.08546214584
cuota_pactada,Actual,687685.4,62,0.0287970274
cuota_pactada,Actual,877325.8,18,0.008360427311
cuota_pactada,Actual,1066966.2,23,0.01068276823
cuota_pactada,Actual,1256606.6,10,0.004644681839
cuota_pactada,Actual,1446247,3,0.001393404552
cuota_pactada,Actual,1635887.4,4,0.001857872736
cuota_pactada,Actual,1825527.8,3,0.001393404552
cuota_pactada,Actual,2015168.2,1,0.0004644681839
cuota_pactada,Actual,2204808.6,0,0
cuota_pactada,Actual,2394449,0,0
cuota_pactada,Actual,2584089.4,0,0
cuota_pactada,Actual,2773729.8,0,0
cuota_pactada,Actual,2963370.2,0,0
cuota_pactada,Actual,3153010.6,0,0
cuota_pactada,Actual,3342651,0,0
cuota_pactada,Actual,3532291.4,0,0
cuota_pactada,Actual,3721931.8,0,0
puntaje_datacredito,Referencia,18.15000003,117,0.01359832636
puntaje_datacredito,Referencia,68.45000008,0,0
puntaje_datacredito,Referencia,118.7500001,0,0
puntaje_datacredito,Referencia,169.0500002,0,0
puntaje_datacredito,Referencia,219.3500002,0,0
puntaje_datacredito,Referencia,269.6500003,1,0.0001162250116
puntaje_datacredito,Referencia,319.9500003,1,0.0001162250116
puntaje_datacredito,Referencia,370.2500004,4,0.0004649000465
puntaje_datacredito,Referencia,420.5500004,7,0.0008135750814
puntaje_datacredito,Referencia,470.8500005,4,0.0004649000465
puntaje_datacredito,Referencia,521.1500005,0,0
puntaje_datacredito,Referencia,571.4500006,5,0.0005811250581
puntaje_datacredito,Referencia,621.7500006,5,0.0005811250581
puntaje_datacredito,Referencia,672.0500007,133,0.01545792655
puntaje_datacredito,Referencia,722.3500007,1412,0.1641097164
puntaje_datacredito,Referencia,772.6500008,3079,0.3578568108
puntaje_datacredito,Referencia,822.9500008,2730,0.3172942817
puntaje_datacredito,Referencia,873.2500009,1015,0.1179683868
puntaje_datacredito,Referencia,923.5500009,87,0.01011157601
puntaje_datacredito,Referencia,973.850001,4,0.0004649000465
puntaje_datacredito,Actual,18.15000003,30,0.01393404552
puntaje_datacredito,Actual,68.45000008,0,0
puntaje_datacredito,Actual,118.7500001,0,0
puntaje_datacredito,Actual,169.0500002,0,0
puntaje_datacredito,Actual,219.3500002,0,0
puntaje_datacredito,Actual,269.6500003,0,0
puntaje_datacredito,Actual,319.9500003,0,0
puntaje_datacredito,Actual,370.2500004,0,0
puntaje_datacredito,Actual,420.5500004,0,0
puntaje_datacredito,Actual,470.8500005,2,0.0009289363679
puntaje_datacredito,Actual,521.1500005,1,0.0004644681839
puntaje_datacredito,Actual,571.4500006,0,0
puntaje_datacredito,Actual,621.7500006,2,0.0009289363679
puntaje_datacredito,Actual,672.0500007,33,0.01532745007
puntaje_datacredito,Actual,722.3500007,381,0.1769623781
puntaje_datacredito,Actual,772.6500008,751,0.3488156061
puntaje_datacredito,Actual,822.9500008,675,0.3135160242
puntaje_datacredito,Actual,873.2500009,251,0.1165815142
puntaje_datacredito,Actual,923.5500009,25,0.0116117046
puntaje_datacredito,Actual,973.850001,2,0.0009289363679
cant_creditosvigentes,Referencia,1.550000025,2660,0.3089430894
cant_creditosvigentes,Referencia,4.650000075,3022,0.3509872242
cant_creditosvigentes,Referencia,7.750000125,1734,0.2013937282
cant_creditosvigentes,Referencia,10.85000017,717,0.08327526132
cant_creditosvigentes,Referencia,13.95000023,283,0.03286875726
cant_creditosvigentes,Referencia,17.05000027,96,0.01114982578
cant_creditosvigentes,Referencia,20.15000033,48,0.005574912892
cant_creditosvigentes,Referencia,23.25000037,21,0.00243902439
cant_creditosvigentes,Referencia,26.35000042,16,0.001858304297
cant_creditosvigentes,Referencia,29.45000047,5,0.0005807200929
cant_creditosvigentes,Referencia,32.55000053,3,0.0003484320557
cant_creditosvigentes,Referencia,35.65000057,3,0.0003484320557
cant_creditosvigentes,Referencia,38.75000062,1,0.0001161440186
cant_creditosvigentes,Referencia,41.85000067,0,0
cant_creditosvigentes,Referencia,44.95000072,0,0
cant_creditosvigentes,Referencia,48.05000078,0,0
cant_creditosvigentes,Referencia,51.15000082,0,0
cant_creditosvigentes,Referencia,54.25000087,0,0
cant_creditosvigentes,Referencia,57.35000092,0,0
cant_creditosvigentes,Referencia,60.45000097,1,0.0001161440186
cant_creditosvigentes,Actual,1.550000025,633,0.2940083604
cant_creditosvigentes,Actual,4.650000075,755,0.3506734789
cant_creditosvigentes,Actual,7.750000125,466,0.2164421737
cant_creditosvigentes,Actual,10.85000017,189,0.08778448676
cant_creditosvigentes,Actual,13.95000023,62,0.0287970274
cant_creditosvigentes,Actual,17.05000027,25,0.0116117046
cant_creditosvigentes,Actual,20.15000033,10,0.004644681839
cant_creditosvigentes,Actual,23.25000037,5,0.00232234092
cant_creditosvigentes,Actual,26.35000042,5,0.00232234092
cant_creditosvigentes,Actual,29.45000047,2,0.0009289363679
cant_creditosvigentes,Actual,32.55000053,1,0.0004644681839
cant_creditosvigentes,Actual,35.65000057,0,0
cant_creditosvigentes,Actual,38.75000062,0,0
cant_creditosvigentes,Actual,41.85000067,0,0
cant_creditosvigentes,Actual,44.95000072,0,0
cant_creditosvigentes,Actual,48.05000078,0,0
cant_creditosvigentes,Actual,51.15000082,0,0
cant_creditosvigentes,Actual,54.25000087,0,0
cant_creditosvigentes,Actual,57.35000092,0,0
cant_creditosvigentes,Actual,60.45000097,0,0
huella_consulta,Referencia,0.725000025,1162,0.1349593496
huella_consulta,Referencia,2.175000075,1604,0.1862950058
huella_consulta,Referencia,3.625000125,2678,0.3110336818
huella_consulta,Referencia,5.075000175,927,0.1076655052
huella_consulta,Referencia,6.525000225,1150,0.1335656214
huella_consulta,Referencia,7.975000275,335,0.03890824623
huella_consulta,Referencia,9.425000325,411,0.04773519164
huella_consulta,Referencia,10.87500038,112,0.01300813008
huella_consulta,Referencia,12.32500043,111,0.01289198606
huella_consulta,Referencia,13.77500048,31,0.003600464576
huella_consulta,Referencia,15.22500053,28,0.00325203252
huella_consulta,Referencia,16.67500058,35,0.00406504065
huella_consulta,Referencia,18.12500063,6,0.0006968641115
huella_consulta,Referencia,19.57500068,10,0.001161440186
huella_consulta,Referencia,21.02500073,5,0.0005807200929
huella_consulta,Referencia,22.47500078,0,0
huella_consulta,Referencia,23.92500083,1,0.0001161440186
huella_consulta,Referencia,25.37500088,2,0.0002322880372
huella_consulta,Referencia,26.82500093,0,0
huella_consulta,Referencia,28.27500098,2,0.0002322880372
huella_consulta,Actual,0.725000025,279,0.1295866233
huella_consulta,Actual,2.175000075,370,0.1718532281
huella_consulta,Actual,3.625000125,662,0.3074779378
huella_consulta,Actual,5.075000175,222,0.1031119368
huella_consulta,Actual,6.525000225,327,0.1518810961
huella_consulta,Actual,7.975000275,96,0.04458894566
huella_consulta,Actual,9.425000325,104,0.04830469113
huella_consulta,Actual,10.87500038,27,0.01254064097
huella_consulta,Actual,12.32500043,30,0.01393404552
huella_consulta,Actual,13.77500048,12,0.005573618207
huella_consulta,Actual,15.22500053,10,0.004644681839
huella_consulta,Actual,16.67500058,5,0.00232234092
huella_consulta,Actual,18.12500063,3,0.001393404552
huella_consulta,Actual,19.57500068,3,0.001393404552
huella_consulta,Actual,21.02500073,1,0.0004644681839
huella_consulta,Actual,22.47500078,1,0.0004644681839
huella_consulta,Actual,23.92500083,1,0.0004644681839
huella_consulta,Actual,25.37500088,0,0
huella_consulta,Actual,26.82500093,0,0
huella_consulta,Actual,28.27500098,0,0
saldo_mora,Referencia,313.35,8465,0.9977604903
saldo_mora,Referencia,940.0500001,5,0.0005893446488
saldo_mora,Referencia,1566.75,2,0.0002357378595
saldo_mora,Referencia,2193.45,4,0.000471475719
saldo_mora,Referencia,2820.15,0,0
saldo_mora,Referencia,3446.85,0,0
saldo_mora,Referencia,4073.55,1,0.0001178689298
saldo_mora,Referencia,4700.25,1,0.0001178689298
saldo_mora,Referencia,5326.95,1,0.0001178689298
saldo_mora,Referencia,5953.65,1,0.0001178689298
saldo_mora,Referencia,6580.350001,1,0.0001178689298
saldo_mora,Referencia,7207.050001,0,0
saldo_mora,Referencia,7833.750001,0,0
saldo_mora,Referencia,8460.450001,0,0
saldo_mora,Referencia,9087.150001,0,0
saldo_mora,Referencia,9713.850001,0,0
saldo_mora,Referencia,10340.55,2,0.0002357378595
saldo_mora,Referencia,10967.25,0,0
saldo_mora,Referencia,11593.95,0,0
saldo_mora,Referencia,12220.65,1,0.0001178689298
saldo_mora,Actual,313.35,2123,1
saldo_mora,Actual,940.0500001,0,0
saldo_mora,Actual,1566.75,0,0
saldo_mora,Actual,2193.45,0,0
saldo_mora,Actual,2820.15,0,0
saldo_mora,Actual,3446.85,0,0
saldo_mora,Actual,4073.55,0,0
saldo_mora,Actual,4700.25,0,0
saldo_mora,Actual,5326.95,0,0
saldo_mora,Actual,5953.65,0,0
saldo_mora,Actual,6580.350001,0,0
saldo_mora,Actual,7207.050001,0,0
saldo_mora,Actual,7833.750001,0,0
saldo_mora,Actual,8460.450001,0,0
saldo_mora,Actual,9087.150001,0,0
saldo_mora,Actual,9713.850001,0,0
saldo_mora,Actual,10340.55,0,0
saldo_mora,Actual,10967.25,0,0
saldo_mora,Actual,11593.95,0,0
saldo_mora,Actual,12220.65,0,0
saldo_total,Referencia,127901.65,8261,0.9737152287
saldo_total,Referencia,383704.95,192,0.02263083451
saldo_total,Referencia,639508.25,22,0.002593116455
saldo_total,Referencia,895311.55,3,0.0003536067893
saldo_total,Referencia,1151114.85,2,0.0002357378595
saldo_total,Referencia,1406918.15,1,0.0001178689298
saldo_total,Referencia,1662721.45,1,0.0001178689298
saldo_total,Referencia,1918524.75,0,0
saldo_total,Referencia,2174328.05,0,0
saldo_total,Referencia,2430131.35,1,0.0001178689298
saldo_total,Referencia,2685934.65,0,0
saldo_total,Referencia,2941737.95,0,0
saldo_total,Referencia,3197541.25,0,0
saldo_total,Referencia,3453344.55,0,0
saldo_total,Referencia,3709147.85,0,0
saldo_total,Referencia,3964951.15,0,0
saldo_total,Referencia,4220754.45,1,0.0001178689298
saldo_total,Referencia,4476557.75,0,0
saldo_total,Referencia,4732361.05,0,0
saldo_total,Referencia,4988164.35,0,0
saldo_total,Actual,127901.65,2068,0.9740932642
saldo_total,Actual,383704.95,41,0.01931229392
saldo_total,Actual,639508.25,9,0.004239284032
saldo_total,Actual,895311.55,2,0.0009420631182
saldo_total,Actual,1151114.85,1,0.0004710315591
saldo_total,Actual,1406918.15,0,0
saldo_total,Actual,1662721.45,0,0
saldo_total,Actual,1918524.75,1,0.0004710315591
saldo_total,Actual,2174328.05,0,0
saldo_total,Actual,2430131.35,0,0
saldo_total,Actual,2685934.65,0,0
saldo_total,Actual,2941737.95,0,0
saldo_total,Actual,3197541.25,0,0
saldo_total,Actual,3453344.55,0,0
saldo_total,Actual,3709147.85,0,0
saldo_total,Actual,3964951.15,0,0
saldo_total,Actual,4220754.45,0,0
saldo_total,Actual,4476557.75,0,0
saldo_total,Actual,4732361.05,0,0
saldo_total,Actual,4988164.35,1,0.0004710315591
saldo_principal,Referencia,39057.125,7047,0.8503680463
saldo_principal,Referencia,117171.375,767,0.0925546036
saldo_principal,Referencia,195285.625,270,0.0325811512
saldo_principal,Referencia,273399.875,111,0.01339447327
saldo_principal,Referencia,351514.125,47,0.005671533728
saldo_principal,Referencia,429628.375,21,0.002534089538
saldo_principal,Referencia,507742.625,11,0.001327380234
saldo_principal,Referencia,585856.875,5,0.0006033546519
saldo_principal,Referencia,663971.125,3,0.0003620127911
saldo_principal,Referencia,742085.375,1,0.0001206709304
saldo_principal,Referencia,820199.625,1,0.0001206709304
saldo_principal,Referencia,898313.875,0,0
saldo_principal,Referencia,976428.125,0,0
saldo_principal,Referencia,1054542.375,1,0.0001206709304
saldo_principal,Referencia,1132656.625,0,0
saldo_principal,Referencia,1210770.875,0,0
saldo_principal,Referencia,1288885.125,1,0.0001206709304
saldo_principal,Referencia,1366999.375,0,0
saldo_principal,Referencia,1445113.625,0,0
saldo_principal,Referencia,1523227.875,1,0.0001206709304
saldo_principal,Actual,39057.125,1739,0.8396909705
saldo_principal,Actual,117171.375,210,0.1014002897
saldo_principal,Actual,195285.625,71,0.03428295509
saldo_principal,Actual,273399.875,24,0.01158860454
saldo_principal,Actual,351514.125,8,0.00386286818
saldo_principal,Actual,429628.375,9,0.004345726702
saldo_principal,Actual,507742.625,4,0.00193143409
saldo_principal,Actual,585856.875,0,0
saldo_principal,Actual,663971.125,2,0.0009657170449
saldo_principal,Actual,742085.375,3,0.001448575567
saldo_principal,Actual,820199.625,1,0.0004828585225
saldo_principal,Actual,898313.875,0,0
saldo_principal,Actual,976428.125,0,0
saldo_principal,Actual,1054542.375,0,0
saldo_principal,Actual,1132656.625,0,0
saldo_principal,Actual,1210770.875,0,0
saldo_principal,Actual,1288885.125,0,0
saldo_principal,Actual,1366999.375,0,0
saldo_principal,Actual,1445113.625,0,0
saldo_principal,Actual,1523227.875,0,0
saldo_mora_codeudor,Referencia,53.62500002,8135,0.9997542092
saldo_mora_codeudor,Referencia,160.8750001,0,0
saldo_mora_codeudor,Referencia,268.1250001,0,0
saldo_mora_codeudor,Referencia,375.3750002,0,0
saldo_mora_codeudor,Referencia,482.6250002,1,0.000122895416
saldo_mora_codeudor,Referencia,589.8750003,0,0
saldo_mora_codeudor,Referencia,697.1250003,0,0
saldo_mora_codeudor,Referencia,804.3750004,0,0
saldo_mora_codeudor,Referencia,911.6250004,0,0
saldo_mora_codeudor,Referencia,1018.875,0,0
saldo_mora_codeudor,Referencia,1126.125001,0,0
saldo_mora_codeudor,Referencia,1233.375001,0,0
saldo_mora_codeudor,Referencia,1340.625001,0,0
saldo_mora_codeudor,Referencia,1447.875001,0,0
saldo_mora_codeudor,Referencia,1555.125001,0,0
saldo_mora_codeudor,Referencia,1662.375001,0,0
saldo_mora_codeudor,Referencia,1769.625001,0,0
saldo_mora_codeudor,Referencia,1876.875001,0,0
saldo_mora_codeudor,Referencia,1984.125001,0,0
saldo_mora_codeudor,Referencia,2091.375001,1,0.000122895416
saldo_mora_codeudor,Actual,53.62500002,2036,1
saldo_mora_codeudor,Actual,160.8750001,0,0
saldo_mora_codeudor,Actual,268.1250001,0,0
saldo_mora_codeudor,Actual,375.3750002,0,0
saldo_mora_codeudor,Actual,482.6250002,0,0
saldo_mora_codeudor,Actual,589.8750003,0,0
saldo_mora_codeudor,Actual,697.1250003,0,0
saldo_mora_codeudor,Actual,804.3750004,0,0
saldo_mora_codeudor,Actual,911.6250004,0,0
saldo_mora_codeudor,Actual,1018.875,0,0
saldo_mora_codeudor,Actual,1126.125001,0,0
saldo_mora_codeudor,Actual,1233.375001,0,0
saldo_mora_codeudor,Actual,1340.625001,0,0
saldo_mora_codeudor,Actual,1447.875001,0,0
saldo_mora_codeudor,Actual,1555.125001,0,0
saldo_mora_codeudor,Actual,1662.375001,0,0
saldo_mora_codeudor,Actual,1769.625001,0,0
saldo_mora_codeudor,Actual,1876.875001,0,0
saldo_mora_codeudor,Actual,1984.125001,0,0
saldo_mora_codeudor,Actual,2091.375001,0,0
creditos_sectorFinanciero,Referencia,1.275000025,4843,0.562485482
creditos_sectorFinanciero,Referencia,3.825000075,2679,0.3111498258
creditos_sectorFinanciero,Referencia,6.375000125,663,0.07700348432
creditos_sectorFinanciero,Referencia,8.925000175,279,0.03240418118
creditos_sectorFinanciero,Referencia,11.47500022,66,0.007665505226
creditos_sectorFinanciero,Referencia,14.02500028,47,0.005458768873
creditos_sectorFinanciero,Referencia,16.57500032,15,0.001742160279
creditos_sectorFinanciero,Referencia,19.12500037,6,0.0006968641115
creditos_sectorFinanciero,Referencia,21.67500043,1,0.0001161440186
creditos_sectorFinanciero,Referencia,24.22500048,4,0.0004645760743
creditos_sectorFinanciero,Referencia,26.77500052,3,0.0003484320557
creditos_sectorFinanciero,Referencia,29.32500058,1,0.0001161440186
creditos_sectorFinanciero,Referencia,31.87500063,2,0.0002322880372
creditos_sectorFinanciero,Referencia,34.42500067,0,0
creditos_sectorFinanciero,Referencia,36.97500073,0,0
creditos_sectorFinanciero,Referencia,39.52500077,0,0
creditos_sectorFinanciero,Referencia,42.07500083,0,0
creditos_sectorFinanciero,Referencia,44.62500087,0,0
creditos_sectorFinanciero,Referencia,47.17500092,0,0
creditos_sectorFinanciero,Referencia,49.72500098,1,0.0001161440186
creditos_sectorFinanciero,Actual,1.275000025,1185,0.550394798
creditos_sectorFinanciero,Actual,3.825000075,684,0.3176962378
creditos_sectorFinanciero,Actual,6.375000125,174,0.080817464
creditos_sectorFinanciero,Actual,8.925000175,78,0.03622851835
creditos_sectorFinanciero,Actual,11.47500022,14,0.006502554575
creditos_sectorFinanciero,Actual,14.02500028,8,0.003715745471
creditos_sectorFinanciero,Actual,16.57500032,3,0.001393404552
creditos_sectorFinanciero,Actual,19.12500037,3,0.001393404552
creditos_sectorFinanciero,Actual,21.67500043,1,0.0004644681839
creditos_sectorFinanciero,Actual,24.22500048,1,0.0004644681839
creditos_sectorFinanciero,Actual,26.77500052,1,0.0004644681839
creditos_sectorFinanciero,Actual,29.32500058,1,0.0004644681839
creditos_sectorFinanciero,Actual,31.87500063,0,0
creditos_sectorFinanciero,Actual,34.42500067,0,0
creditos_sectorFinanciero,Actual,36.97500073,0,0
creditos_sectorFinanciero,Actual,39.52500077,0,0
creditos_sectorFinanciero,Actual,42.07500083,0,0
creditos_sectorFinanciero,Actual,44.62500087,0,0
creditos_sectorFinanciero,Actual,47.17500092,0,0
creditos_sectorFinanciero,Actual,49.72500098,0,0
creditos_sectorCooperativo,Referencia,0.325000025,7086,0.8229965157
creditos_sectorCooperativo,Referencia,0.975000075,1004,0.1166085947
creditos_sectorCooperativo,Referencia,1.625000125,0,0
creditos_sectorCooperativo,Referencia,2.275000175,347,0.04030197445
creditos_sectorCooperativo,Referencia,2.925000225,107,0.01242740999
creditos_sectorCooperativo,Referencia,3.575000275,0,0
creditos_sectorCooperativo,Referencia,4.225000325,36,0.004181184669
creditos_sectorCooperativo,Referencia,4.875000375,13,0.001509872242
creditos_sectorCooperativo,Referencia,5.525000425,0,0
creditos_sectorCooperativo,Referencia,6.175000475,12,0.001393728223
creditos_sectorCooperativo,Referencia,6.825000525,1,0.0001161440186
creditos_sectorCooperativo,Referencia,7.475000575,0,0
creditos_sectorCooperativo,Referencia,8.125000625,4,0.0004645760743
creditos_sectorCooperativo,Referencia,8.775000675,0,0
creditos_sectorCooperativo,Referencia,9.425000725,0,0
creditos_sectorCooperativo,Referencia,10.07500077,0,0
creditos_sectorCooperativo,Referencia,10.72500082,0,0
creditos_sectorCooperativo,Referencia,11.37500087,0,0
creditos_sectorCooperativo,Referencia,12.02500092,0,0
creditos_sectorCooperativo,Referencia,12.67500097,0,0
creditos_sectorCooperativo,Actual,0.325000025,1782,0.8276823038
creditos_sectorCooperativo,Actual,0.975000075,255,0.1184393869
creditos_sectorCooperativo,Actual,1.625000125,0,0
creditos_sectorCooperativo,Actual,2.275000175,72,0.03344170924
creditos_sectorCooperativo,Actual,2.925000225,30,0.01393404552
creditos_sectorCooperativo,Actual,3.575000275,0,0
creditos_sectorCooperativo,Actual,4.225000325,8,0.003715745471
creditos_sectorCooperativo,Actual,4.875000375,3,0.001393404552
creditos_sectorCooperativo,Actual,5.525000425,0,0
creditos_sectorCooperativo,Actual,6.175000475,0,0
creditos_sectorCooperativo,Actual,6.825000525,1,0.0004644681839
creditos_sectorCooperativo,Actual,7.475000575,0,0
creditos_sectorCooperativo,Actual,8.125000625,0,0
creditos_sectorCooperativo,Actual,8.775000675,1,0.0004644681839
creditos_sectorCooperativo,Actual,9.425000725,0,0
creditos_sectorCooperativo,Actual,10.07500077,0,0
creditos_sectorCooperativo,Actual,10.72500082,0,0
creditos_sectorCooperativo,Actual,11.37500087,0,0
creditos_sectorCooperativo,Actual,12.02500092,0,0
creditos_sectorCooperativo,Actual,12.67500097,1,0.0004644681839
creditos_sectorReal,Referencia,0.625000025,5953,0.6914053426
creditos_sectorReal,Referencia,1.875000075,1277,0.1483159117
creditos_sectorReal,Referencia,3.125000125,614,0.07131242741
creditos_sectorReal,Referencia,4.375000175,477,0.05540069686
creditos_sectorReal,Referencia,5.625000225,102,0.0118466899
creditos_sectorReal,Referencia,6.875000275,71,0.008246225319
creditos_sectorReal,Referencia,8.125000325,33,0.003832752613
creditos_sectorReal,Referencia,9.375000375,41,0.004761904762
creditos_sectorReal,Referencia,10.62500043,8,0.0009291521487
creditos_sectorReal,Referencia,11.87500048,8,0.0009291521487
creditos_sectorReal,Referencia,13.12500053,9,0.001045296167
creditos_sectorReal,Referencia,14.37500058,9,0.001045296167
creditos_sectorReal,Referencia,15.62500063,2,0.0002322880372
creditos_sectorReal,Referencia,16.87500068,2,0.0002322880372
creditos_sectorReal,Referencia,18.12500072,0,0
creditos_sectorReal,Referencia,19.37500078,2,0.0002322880372
creditos_sectorReal,Referencia,20.62500083,0,0
creditos_sectorReal,Referencia,21.87500088,0,0
creditos_sectorReal,Referencia,23.12500093,0,0
creditos_sectorReal,Referencia,24.37500098,2,0.0002322880372
creditos_sectorReal,Actual,0.625000025,1460,0.6781235485
creditos_sectorReal,Actual,1.875000075,335,0.1555968416
creditos_sectorReal,Actual,3.125000125,176,0.08174640037
creditos_sectorReal,Actual,4.375000175,121,0.05620065026
creditos_sectorReal,Actual,5.625000225,23,0.01068276823
creditos_sectorReal,Actual,6.875000275,11,0.005109150023
creditos_sectorReal,Actual,8.125000325,8,0.003715745471
creditos_sectorReal,Actual,9.375000375,10,0.004644681839
creditos_sectorReal,Actual,10.62500043,4,0.001857872736
creditos_sectorReal,Actual,11.87500048,1,0.0004644681839
creditos_sectorReal,Actual,13.12500053,1,0.0004644681839
creditos_sectorReal,Actual,14.37500058,1,0.0004644681839
creditos_sectorReal,Actual,15.62500063,0,0
creditos_sectorReal,Actual,16.87500068,0,0
creditos_sectorReal,Actual,18.12500072,1,0.0004644681839
creditos_sectorReal,Actual,19.37500078,0,0
creditos_sectorReal,Actual,20.62500083,1,0.0004644681839
creditos_sectorReal,Actual,21.87500088,0,0
creditos_sectorReal,Actual,23.12500093,0,0
creditos_sectorReal,Actual,24.37500098,0,0
promedio_ingresos_datacredito,Referencia,952664.525,4389,0.7034781215
promedio_ingresos_datacredito,Referencia,2857993.575,1129,0.1809584869
promedio_ingresos_datacredito,Referencia,4763322.625,382,0.06122776086
promedio_ingresos_datacredito,Referencia,6668651.675,182,0.02917134156
promedio_ingresos_datacredito,Referencia,8573980.725,84,0.01346369611
promedio_ingresos_datacredito,Referencia,10479309.78,27,0.004327616605
promedio_ingresos_datacredito,Referencia,12384638.83,18,0.002885077737
promedio_ingresos_datacredito,Referencia,14289967.88,10,0.001602820965
promedio_ingresos_datacredito,Referencia,16195296.93,10,0.001602820965
promedio_ingresos_datacredito,Referencia,18100625.98,3,0.0004808462895
promedio_ingresos_datacredito,Referencia,20005955.03,0,0
promedio_ingresos_datacredito,Referencia,21911284.08,1,0.0001602820965
promedio_ingresos_datacredito,Referencia,23816613.13,2,0.000320564193
promedio_ingresos_datacredito,Referencia,25721942.18,0,0
promedio_ingresos_datacredito,Referencia,27627271.23,0,0
promedio_ingresos_datacredito,Referencia,29532600.28,1,0.0001602820965
promedio_ingresos_datacredito,Referencia,31437929.33,0,0
promedio_ingresos_datacredito,Referencia,33343258.38,0,0
promedio_ingresos_datacredito,Referencia,35248587.43,0,0
promedio_ingresos_datacredito,Referencia,37153916.48,1,0.0001602820965
promedio_ingresos_datacredito,Actual,952664.525,1086,0.6813048934
promedio_ingresos_datacredito,Actual,2857993.575,312,0.1957340025
promedio_ingresos_datacredito,Actual,4763322.625,100,0.06273525721
promedio_ingresos_datacredito,Actual,6668651.675,45,0.02823086575
promedio_ingresos_datacredito,Actual,8573980.725,22,0.01380175659
promedio_ingresos_datacredito,Actual,10479309.78,10,0.006273525721
promedio_ingresos_datacredito,Actual,12384638.83,4,0.002509410289
promedio_ingresos_datacredito,Actual,14289967.88,9,0.005646173149
promedio_ingresos_datacredito,Actual,16195296.93,0,0
promedio_ingresos_datacredito,Actual,18100625.98,2,0.001254705144
promedio_ingresos_datacredito,Actual,20005955.03,0,0
promedio_ingresos_datacredito,Actual,21911284.08,1,0.0006273525721
promedio_ingresos_datacredito,Actual,23816613.13,2,0.001254705144
promedio_ingresos_datacredito,Actual,25721942.18,0,0
promedio_ingresos_datacredito,Actual,27627271.23,0,0
promedio_ingresos_datacredito,Actual,29532600.28,1,0.0006273525721
promedio_ingresos_datacredito,Actual,31437929.33,0,0
promedio_ingresos_datacredito,Actual,33343258.38,0,0
promedio_ingresos_datacredito,Actual,35248587.43,0,0
promedio_ingresos_datacredito,Actual,37153916.48,0,0
