Variable,KS,PValue,PSI,Alerta
tipo_credito,0.01457993141,0.8509431204,0.001035544366,0
capital_prestado,0.01948969997,0.5218013772,0.004634757701,0
plazo_meses,0.02450784444,0.2473098461,0.006830731368,0
edad_cliente,0.01765254219,0.6485023407,0.004373296547,0
salario_cliente,0.02167825679,0.386351633,0.007174354689,0
total_otros_prestamos,0.02005299577,0.4849752487,0.00911642787,0
cuota_pactada,0.01957002438,0.5167949067,0.004091255928,0
puntaje_datacredito,0.0250282708,0.2263460371,0.00890012491,0
cant_creditosvigentes,0.02637208271,0.1783376991,0.004211921835,0
huella_consulta,0.03413830363,0.03512590605,0.006807542117,0
saldo_mora,0.003183349423,1,1.247236725e-19,0
saldo_total,0.02538140565,0.2195357366,0.004605700444,0
saldo_principal,0.03088400867,0.08271948506,0.005178696182,0
saldo_mora_codeudor,0.000368686248,1,1.356181099e-19,0
creditos_sectorFinanciero,0.02783944613,0.1353884432,0.003930219064,0
creditos_sectorCooperativo,0.006516580327,0.999999244,0.0001523208807,0
creditos_sectorReal,0.01328179409,0.9168040529,0.0008555465884,0
promedio_ingresos_datacredito,0.03317829342,0.1190129012,0.01643914357,0
